{"cameraMode":{"drawMode":0,"name":"Shaded","section":"Shading Mode"},"sceneLighting":false,"audioPlay":false,"sceneViewState":{"showFog":true,"showMaterialUpdate":false,"showSkybox":false,"showFlares":true,"showImageEffects":true,"showParticleSystems":true},"in2DMode":false,"pivot":{"x":741.6631469726563,"y":419.3492431640625,"z":125.7852783203125},"rotation":{"x":-0.14494182169437409,"y":0.06880321353673935,"z":-0.010103845037519932,"w":-0.9869927167892456},"size":245.12901306152345,"orthographic":false}